Account Length,Area Code,Int'l Plan,VMail Plan,VMail Message,Day Mins,Day Calls,Day Charge,Eve Mins,Eve Calls,Eve Charge,Night Mins,Night Calls,Night Charge,Intl Mins,Intl Calls,Intl Charge,CustServ Calls,Churn?
128,415,no,yes,25,265.1,110,45.07,197.4,99,16.78,244.7,91,11.01,10,3,2.7,1,?
137,415,no,no,0,243.4,114,41.38,121.2,110,10.3,162.6,104,7.32,12.2,5,3.29,0,?
65,415,no,no,0,129.1,137,21.95,228.5,83,19.42,208.8,111,9.4,12.7,6,3.43,4,?
74,415,no,no,0,187.7,127,31.91,163.4,148,13.89,196,94,8.82,9.1,5,2.46,0,?
168,408,no,no,0,128.8,96,21.9,104.9,71,8.92,141.1,128,6.35,11.2,2,3.02,1,?
95,510,no,no,0,156.6,88,26.62,247.6,75,21.05,192.3,115,8.65,12.3,5,3.32,3,?
62,415,no,no,0,120.7,70,20.52,307.2,76,26.11,203,99,9.14,13.1,6,3.54,4,?
161,415,no,no,0,332.9,67,56.59,317.8,97,27.01,160.6,128,7.23,5.4,9,1.46,4,?
85,408,no,yes,27,196.4,139,33.39,280.9,90,23.88,89.3,75,4.02,13.8,4,3.73,1,?
93,510,no,no,0,190.7,114,32.42,218.2,111,18.55,129.6,121,5.83,8.1,3,2.19,3,?
73,415,no,no,0,224.4,90,38.15,159.5,88,13.56,192.8,74,8.68,13,2,3.51,1,?
130,415,no,no,0,183,112,31.11,72.9,99,6.2,181.8,78,8.18,9.5,19,2.57,0,?
54,408,no,no,0,134.3,73,22.83,155.5,100,13.22,102.1,68,4.59,14.7,4,3.97,3,?
20,415,no,no,0,190,109,32.3,258.2,84,21.95,181.5,102,8.17,6.3,6,1.7,0,?
49,510,no,no,0,119.3,117,20.28,215.1,109,18.28,178.7,90,8.04,11.1,1,3,1,?
142,415,no,no,0,84.8,95,14.42,136.7,63,11.62,250.5,148,11.27,14.2,6,3.83,2,?
72,415,no,yes,37,220,80,37.4,217.3,102,18.47,152.8,71,6.88,14.7,6,3.97,3,?
64,510,no,no,0,154,67,26.18,225.8,118,19.19,265.3,86,11.94,3.5,3,0.95,1,?
142,408,no,no,0,187,133,31.79,134.6,74,11.44,242.2,127,10.9,7.4,5,2,2,?
97,415,no,yes,24,133.2,135,22.64,217.2,58,18.46,70.6,79,3.18,11,3,2.97,1,?
38,408,no,no,0,131.2,98,22.3,162.9,97,13.85,159,106,7.15,8.2,6,2.21,2,?
113,408,yes,no,0,125.2,93,21.28,206.4,119,17.54,129.3,139,5.82,8.3,8,2.24,0,?
126,408,no,no,0,211.6,70,35.97,216.9,80,18.44,153.5,60,6.91,7.8,1,2.11,1,?
138,408,no,no,0,241.8,93,41.11,170.5,83,14.49,295.3,104,13.29,11.8,7,3.19,3,?
55,408,no,yes,25,165.6,123,28.15,136.1,95,11.57,175.7,90,7.91,11,2,2.97,3,?
70,415,no,yes,24,249.5,101,42.42,259.7,98,22.07,222.7,68,10.02,9.8,4,2.65,1,?
78,415,no,no,0,252.9,93,42.99,178.4,112,15.16,263.9,105,11.88,9.5,7,2.57,3,?
104,408,no,no,0,278.4,106,47.33,81,113,6.89,163.2,137,7.34,9.8,5,2.65,1,?
73,415,no,no,0,160.1,110,27.22,213.3,72,18.13,174.1,72,7.83,13,4,3.51,0,?
120,408,no,no,0,212.1,131,36.06,209.4,104,17.8,167.2,96,7.52,5.3,5,1.43,1,?
98,510,no,yes,21,161.2,114,27.4,252.2,83,21.44,160.2,92,7.21,4.4,8,1.19,4,?
95,408,no,no,0,238.1,65,40.48,187.2,98,15.91,190,115,8.55,11.8,4,3.19,4,?
141,415,no,yes,32,148.6,91,25.26,131.1,97,11.14,219.4,142,9.87,10.1,1,2.73,1,?
162,415,no,no,0,70.7,108,12.02,157.5,87,13.39,154.8,82,6.97,9.1,3,2.46,4,?
131,408,no,yes,36,214.2,115,36.41,161.7,117,13.74,264.7,102,11.91,9.5,4,2.57,3,?
163,408,no,no,0,197,109,33.49,202.6,128,17.22,206.4,80,9.29,9.1,10,2.46,1,?
113,415,no,yes,23,205,101,34.85,152,60,12.92,158.6,59,7.14,10.2,5,2.75,2,?
157,415,no,yes,28,192.6,107,32.74,195.5,74,16.62,109.7,139,4.94,6.8,5,1.84,3,?
121,408,no,no,0,181.5,121,30.86,218.4,98,18.56,161.6,103,7.27,8.5,5,2.3,1,?
141,415,no,no,0,217.1,110,36.91,241.5,111,20.53,253.5,103,11.41,12,6,3.24,0,?
146,415,no,no,0,206.3,151,35.07,148.6,89,12.63,167.2,91,7.52,6.1,3,1.65,1,?
148,415,no,no,0,202,102,34.34,243.2,128,20.67,261.3,90,11.76,10.9,3,2.94,1,?
62,415,no,no,0,147.1,91,25.01,190.4,107,16.18,195.2,115,8.78,12.2,3,3.29,0,?
67,408,no,yes,36,115.6,111,19.65,237.7,94,20.2,169.9,103,7.65,9.9,12,2.67,2,?
164,510,no,no,0,160.6,111,27.3,163.2,126,13.87,187.1,112,8.42,9,3,2.43,1,?
78,415,no,no,0,149.7,119,25.45,182.2,115,15.49,261.5,126,11.77,9.7,8,2.62,0,?
97,415,no,no,0,218,86,37.06,184,94,15.64,240.5,110,10.82,6.4,8,1.73,3,?
105,510,no,no,0,140.6,109,23.9,178.6,51,15.18,217,83,9.76,6.8,3,1.84,2,?
136,415,no,no,0,250.2,121,42.53,267.1,118,22.7,151,114,6.8,13,2,3.51,1,?
106,415,no,no,0,223,121,37.91,110.1,98,9.36,188.7,107,8.49,7.1,12,1.92,0,?
35,408,no,no,0,149.3,113,25.38,242.2,122,20.59,174.3,104,7.84,8.9,6,2.4,2,?
215,510,no,no,0,83.6,148,14.21,120.9,91,10.28,226.6,110,10.2,10.7,9,2.89,0,?
85,408,no,no,0,225,81,38.25,176.9,63,15.04,194.3,110,8.74,7.1,2,1.92,3,?
107,415,no,yes,37,60,102,10.2,102.2,80,8.69,261.8,106,11.78,11.1,3,3,0,?
119,510,no,yes,23,154,114,26.18,278,137,23.63,228.4,112,10.28,11.8,4,3.19,2,?
33,415,no,yes,29,157.4,99,26.76,117.9,80,10.02,279.2,79,12.56,13.9,11,3.75,4,?
97,415,yes,no,0,143.7,117,24.43,273,82,23.21,178.3,81,8.02,10.9,3,2.94,0,?
117,415,no,no,0,143.3,103,24.36,211.3,108,17.96,185.2,96,8.33,11.5,3,3.11,1,?
148,510,yes,no,0,218.9,88,37.21,208,85,17.68,203.3,99,9.15,11.1,4,3,0,?
131,415,no,yes,25,192.7,85,32.76,225.9,105,19.2,254.2,59,11.44,10.9,6,2.94,2,?
137,408,no,no,0,205.9,88,35,209.3,86,17.79,289.9,84,13.05,14.5,4,3.92,2,?
94,510,no,no,0,177.1,112,30.11,194,112,16.49,146.7,108,6.6,5.9,4,1.59,1,?
94,415,no,no,0,181.5,98,30.86,199.9,88,16.99,287.7,114,12.95,6.6,5,1.78,1,?
67,415,no,no,0,171.7,80,29.19,110.4,81,9.38,195.4,111,8.79,11.9,4,3.21,2,?
122,408,no,no,0,296.4,99,50.39,214.8,89,18.26,133.9,107,6.03,11.4,3,3.08,4,?
73,408,no,no,0,94.1,136,16,280.3,122,23.83,205,77,9.23,9.8,4,2.65,0,?
128,408,no,no,0,125.2,99,21.28,205.4,107,17.46,254.4,111,11.45,18.9,2,5.1,0,?
55,415,no,no,0,194.1,121,33,176.6,110,15.01,302.8,136,13.63,7,7,1.89,2,?
89,415,no,no,0,213,63,36.21,176.6,71,15.01,262.6,126,11.82,9.1,1,2.46,1,?
64,510,no,yes,37,154.6,92,26.28,83.4,103,7.09,165.9,99,7.47,13.3,3,3.59,1,?
83,415,no,yes,41,155.9,122,26.5,162.3,107,13.8,127.6,105,5.74,13.1,5,3.54,3,?
59,510,no,no,0,182.5,104,31.03,204.7,95,17.4,229.9,100,10.35,11.3,8,3.05,4,?
37,408,yes,yes,39,149.7,122,25.45,211.1,75,17.94,114.3,90,5.14,9.2,4,2.48,1,?
159,408,yes,no,0,257.1,53,43.71,312.2,127,26.54,183,82,8.24,8.8,6,2.38,1,?
128,415,no,no,0,195.6,99,33.25,267.8,120,22.76,164.9,76,7.42,16,2,4.32,0,?
151,415,yes,no,0,218,57,37.06,114.4,88,9.72,269.2,95,12.11,12.4,1,3.35,0,?
79,408,no,no,0,205.7,123,34.97,214.5,108,18.23,226.1,106,10.17,6.7,18,1.81,1,?
95,415,yes,no,0,165.5,84,28.14,286.2,112,24.33,198.9,89,8.95,11.5,2,3.11,1,?
84,408,no,no,0,159.5,125,27.12,247.1,90,21,187.9,82,8.46,7.2,4,1.94,2,?
137,415,no,no,0,230.2,113,39.13,220.4,79,18.73,204.7,111,9.21,10.7,7,2.89,4,?
54,510,no,no,0,210.5,102,35.79,204.5,83,17.38,127.8,53,5.75,8.5,5,2.3,1,?
150,510,no,no,0,126,99,21.42,238.5,73,20.27,285.1,100,12.83,10.2,6,2.75,3,?
84,408,no,no,0,138.6,102,23.56,199,93,16.92,204.1,137,9.18,7.8,4,2.11,0,?
98,415,no,yes,31,121,105,20.57,218.9,98,18.61,226.7,110,10.2,12,1,3.24,1,?
145,415,no,no,0,187.9,110,31.94,197,117,16.75,167,108,7.52,4.8,4,1.3,2,?
25,408,no,no,0,178.8,90,30.4,141.2,72,12,203,99,9.14,8.4,5,2.27,2,?
76,415,no,no,0,169.5,77,28.82,124,87,10.54,219.4,92,9.87,10,3,2.7,0,?
141,415,no,yes,28,206.9,126,35.17,264.4,126,22.47,171.8,124,7.73,9.3,11,2.51,2,?
51,510,no,no,0,259.9,114,44.18,176.2,94,14.98,77.2,112,3.47,15.3,1,4.13,1,?
100,415,no,no,0,203.8,122,34.65,283.1,76,24.06,197.3,83,8.88,12.5,3,3.38,0,?
112,415,no,yes,16,221.6,110,37.67,130.2,123,11.07,200,108,9,11.3,3,3.05,1,?
129,510,yes,no,0,192.9,131,32.79,185.5,101,15.77,205.2,130,9.23,10.9,4,2.94,1,?
85,408,no,no,0,127.9,107,21.74,271.2,124,23.05,202.2,76,9.1,12.5,5,3.38,0,?
86,408,no,yes,23,225.5,107,38.34,246.3,105,20.94,245.7,81,11.06,9.8,2,2.65,0,?
90,415,no,no,0,261.8,128,44.51,220.6,104,18.75,136.6,91,6.15,9.6,5,2.59,1,?
105,415,no,yes,23,193.5,85,32.9,220.2,90,18.72,272.4,111,12.26,8.5,5,2.3,0,?
86,415,no,yes,32,70.9,163,12.05,166.7,121,14.17,244.9,105,11.02,11.1,5,3,3,?
41,510,no,yes,34,194.4,63,33.05,254.9,110,21.67,160.2,115,7.21,17.2,9,4.64,2,?
141,510,no,yes,23,149.7,112,25.45,162.5,118,13.81,220.3,115,9.91,7.6,2,2.05,3,?
102,510,yes,no,0,233.8,103,39.75,221.6,131,18.84,146.9,106,6.61,12.8,3,3.46,0,?
92,415,yes,no,0,130.7,113,22.22,260.6,122,22.15,244.2,98,10.99,9.4,2,2.54,2,?
41,415,no,no,0,159.3,66,27.08,125.9,75,10.7,261.9,76,11.79,11.1,5,3,1,?
148,510,no,yes,14,93.6,137,15.91,193.8,72,16.47,144.9,84,6.52,17.5,5,4.73,1,?
176,408,no,no,0,47.4,125,8.06,167.8,90,14.26,163.1,107,7.34,10.5,8,2.84,2,?
30,510,no,no,0,227.4,88,38.66,182.5,100,15.51,191.7,134,8.63,12.5,3,3.38,0,?
47,415,no,yes,37,163.5,77,27.8,203.1,102,17.26,232,87,10.44,7.8,4,2.11,2,?
67,510,no,no,0,310.4,97,52.77,66.5,123,5.65,246.5,99,11.09,9.2,10,2.48,4,?
128,415,no,yes,40,171.2,88,29.1,145.7,109,12.38,196.8,93,8.86,14,6,3.78,1,?
121,408,no,yes,31,237.1,63,40.31,205.6,117,17.48,196.7,85,8.85,10.1,5,2.73,4,?
157,415,no,no,0,224.5,111,38.17,200.7,99,17.06,116.6,118,5.25,11.5,2,3.11,2,?
58,408,no,yes,20,194.5,110,33.07,213.7,89,18.16,236.6,92,10.65,9.5,2,2.57,1,?
74,408,no,no,0,174.1,96,29.6,251.1,94,21.34,257.6,123,11.59,8.3,5,2.24,2,?
53,408,no,yes,18,146.8,107,24.96,310,84,26.35,178.7,130,8.04,7.2,7,1.94,0,?
97,510,no,no,0,211,76,35.87,189,100,16.07,123,102,5.54,4.7,4,1.27,3,?
108,510,no,no,0,293,88,49.81,160.6,101,13.65,143.9,87,6.48,10,6,2.7,2,?
133,408,yes,yes,32,221.1,137,37.59,264.9,99,22.52,168.9,108,7.6,15.4,4,4.16,2,?
186,415,no,yes,26,74.3,107,12.63,177.3,116,15.07,296.3,90,13.33,14.5,3,3.92,2,?
113,415,no,no,0,209.4,151,35.6,347.3,113,29.52,246,116,11.07,7.4,2,2,1,?
104,415,no,no,0,164.2,109,27.91,155.4,90,13.21,168.9,117,7.6,10.7,8,2.89,1,?
39,408,no,no,0,160.4,68,27.27,102.6,103,8.72,235.3,106,10.59,9.1,5,2.46,2,?
75,510,no,yes,46,214.1,62,36.4,200.9,111,17.08,246.8,126,11.11,9.2,6,2.48,0,?
102,510,no,no,0,102.6,89,17.44,246,77,20.91,170.5,140,7.67,9.1,4,2.46,2,?
143,510,no,no,0,202.8,109,34.48,165.8,104,14.09,143.9,71,6.48,4.6,4,1.24,1,?
172,415,no,no,0,215.7,140,36.67,146.3,84,12.44,264.6,83,11.91,7.1,1,1.92,3,?
76,415,no,no,0,299.5,125,50.92,226.7,92,19.27,210.7,134,9.48,13.7,4,3.7,0,?
169,415,no,no,0,100.8,112,17.14,230,69,19.55,193.6,95,8.71,9.5,2,2.57,0,?
111,510,no,yes,24,205.5,114,34.94,219.3,99,18.64,215.9,95,9.72,14,4,3.78,1,?
147,408,no,no,0,205.3,95,34.9,166.7,128,14.17,240.6,84,10.83,7.8,4,2.11,1,?
112,415,no,yes,22,181.8,110,30.91,228.1,123,19.39,262.7,141,11.82,9.2,4,2.48,2,?
101,415,no,yes,33,200.1,108,34.02,188.9,122,16.06,205.1,90,9.23,15.5,4,4.19,0,?
32,408,no,yes,26,266.7,109,45.34,232.3,107,19.75,212.8,98,9.58,16.3,4,4.4,1,?
151,408,no,no,0,175.3,106,29.8,144.3,87,12.27,160.2,88,7.21,11.8,5,3.19,0,?
110,408,no,no,0,100.1,90,17.02,233.3,93,19.83,204.4,57,9.2,11.1,8,3,3,?
88,415,no,no,0,189.8,111,32.27,197.3,101,16.77,234.5,111,10.55,14.9,3,4.02,2,?
108,415,no,no,0,215.6,78,36.65,195.3,119,16.6,194.4,65,8.75,3.6,5,0.97,1,?
67,415,no,no,0,210.7,116,35.82,219.2,86,18.63,179.7,83,8.09,7.2,6,1.94,1,?
86,510,no,yes,39,261.2,122,44.4,214.2,101,18.21,154.9,101,6.97,12.7,5,3.43,2,?
90,415,no,no,0,207.2,121,35.22,292.5,104,24.86,226.3,103,10.18,8,1,2.16,2,?
48,510,no,no,0,300.4,94,51.07,133.2,103,11.32,197.4,94,8.88,7.2,5,1.94,2,?
66,415,no,no,0,34,133,5.78,278.6,61,23.68,129.6,120,5.83,11.5,3,3.11,0,?
101,415,no,yes,29,121.1,116,20.59,186.4,100,15.84,241.7,75,10.88,10.1,6,2.73,0,?
90,415,no,no,0,109.6,88,18.63,137.6,108,11.7,159.7,121,7.19,11,5,2.97,2,?
127,408,yes,no,0,176.9,110,30.07,167.9,100,14.27,182.2,138,8.2,7.7,2,2.08,1,?
167,408,yes,no,0,219.1,100,37.25,242.9,90,20.65,168.9,101,7.6,10.1,4,2.73,2,?
35,510,no,yes,27,241.7,87,41.09,142,101,12.07,288.9,68,13,9.4,4,2.54,1,?
92,510,no,yes,16,184,99,31.28,76.4,134,6.49,185.1,96,8.33,12.7,3,3.43,2,?
138,510,yes,no,0,169.3,82,28.78,217.9,147,18.52,184.2,77,8.29,9.4,9,2.54,1,?
120,510,no,no,0,198.8,56,33.8,230.1,73,19.56,119.8,81,5.39,9.9,3,2.67,2,?
27,510,no,no,0,72.7,75,12.36,208.6,117,17.73,65.8,71,2.96,9.9,3,2.67,1,?
146,408,no,yes,19,176.6,88,30.02,162.7,66,13.83,215.5,98,9.7,14.6,6,3.94,1,?
96,415,no,no,0,180.6,92,30.7,190.9,114,16.23,295.6,125,13.3,10.3,4,2.78,1,?
129,415,no,no,0,198.4,91,33.73,264.7,106,22.5,111.4,101,5.01,9.2,2,2.48,2,?
160,415,no,no,0,176.2,90,29.95,196,115,16.66,263.9,95,11.88,9.2,4,2.48,1,?
42,408,no,no,0,146.3,84,24.87,255.9,113,21.75,45,117,2.03,8,12,2.16,1,?
106,415,no,no,0,165.3,118,28.1,210,101,17.85,187.2,93,8.42,8.5,3,2.3,2,?
179,510,no,no,0,287.3,123,48.84,288,114,24.48,266,112,11.97,10.5,4,2.84,0,?
74,415,no,no,0,136.7,106,23.24,228.6,105,19.43,265.3,114,11.94,9.8,4,2.65,0,?
77,510,no,no,0,67.7,68,11.51,195.7,86,16.63,236.5,137,10.64,12,2,3.24,1,?
86,408,no,no,0,226.3,88,38.47,223,107,18.96,255.6,92,11.5,13,3,3.51,4,?
63,510,no,no,0,153.5,81,26.1,287.3,115,24.42,230.2,85,10.36,6.5,5,1.76,2,?
81,415,no,yes,28,167.9,147,28.54,190.7,105,16.21,193,103,8.69,9.2,6,2.48,4,?
46,408,no,no,0,257.4,67,43.76,261.1,91,22.19,204.4,107,9.2,13.4,5,3.62,2,?
101,415,no,no,0,153.8,89,26.15,234,89,19.89,196.3,77,8.83,11.6,2,3.13,4,?
87,415,no,no,0,228.7,90,38.88,163,99,13.86,154.1,90,6.93,11.8,3,3.19,1,?
137,408,no,no,0,144,90,24.48,181.6,100,15.44,128.1,93,5.76,12.3,2,3.32,0,?
138,510,no,no,0,171.4,117,29.14,115.2,128,9.79,224.5,115,10.1,17,4,4.59,3,?
178,408,no,no,0,275.4,150,46.82,187.5,62,15.94,147.1,126,6.62,13.6,3,3.67,1,?
140,415,no,no,0,125.3,84,21.3,167.6,121,14.25,260.6,94,11.73,8.4,4,2.27,1,?
48,415,no,no,0,190.4,92,32.37,317.5,85,26.99,133.4,113,6,8.3,4,2.24,2,?
181,408,no,no,0,143.3,91,24.36,195.5,58,16.62,223.3,95,10.05,6,7,1.62,1,?
105,510,no,no,0,246.4,83,41.89,256.2,101,21.78,169,151,7.61,3.8,4,1.03,0,?
122,415,no,no,0,232.5,96,39.53,205.5,120,17.47,213.7,91,9.62,11.9,2,3.21,0,?
70,408,no,no,0,198.6,111,33.76,213.9,115,18.18,171.2,105,7.7,10.6,6,2.86,2,?
119,408,no,yes,32,142.6,77,24.24,208.2,126,17.7,171,102,7.69,12,2,3.24,3,?
112,415,no,no,0,111.9,92,19.02,114,143,9.69,146.8,79,6.61,14.1,3,3.81,5,?
91,510,yes,yes,24,93.5,112,15.9,183.4,128,15.59,240.7,133,10.83,9.9,3,2.67,0,?
124,415,no,no,0,158.6,104,26.96,211.2,77,17.95,179.3,104,8.07,10.2,8,2.75,3,?
139,510,no,yes,25,96.2,112,16.35,178.9,70,15.21,182.1,84,8.19,12.9,10,3.48,2,?
50,408,no,no,0,183.6,107,31.21,58.6,118,4.98,202.6,99,9.12,8.7,3,2.35,1,?
164,408,no,yes,25,219.1,88,37.25,151.5,99,12.88,50.1,60,2.25,14.3,6,3.86,1,?
109,408,no,no,0,217,115,36.89,207,142,17.6,268,106,12.06,8.2,4,2.21,1,?
115,415,no,no,0,245.2,105,41.68,159,109,13.52,229.9,74,10.35,7.2,8,1.94,0,?
98,415,no,yes,29,179.9,97,30.58,189.2,89,16.08,164.3,76,7.39,12.8,7,3.46,3,?
189,415,no,no,0,208.3,106,35.41,236.7,123,20.12,179.1,120,8.06,11.3,5,3.05,3,?
19,510,no,yes,34,156.6,97,26.62,224.2,97,19.06,260.9,135,11.74,11.3,1,3.05,1,?
155,408,no,no,0,216.7,30,36.84,144.3,125,12.27,135.3,106,6.09,10.8,1,2.92,2,?
132,415,no,no,0,193.3,106,32.86,128.3,94,10.91,162.1,119,7.29,11.6,4,3.13,5,?
143,408,no,no,0,155.5,101,26.44,213.4,89,18.14,237.9,61,10.71,7.6,11,2.05,1,?
134,415,no,yes,32,216.8,78,36.86,102.2,111,8.69,174,83,7.83,8.6,2,2.32,0,?
111,415,no,yes,36,166.2,54,28.25,238.8,109,20.3,108.8,92,4.9,11.2,2,3.02,3,?
119,415,yes,yes,15,160,95,27.2,209.5,110,17.81,82.3,107,3.7,8.7,5,2.35,5,?
98,415,no,no,0,221.2,80,37.6,213.6,104,18.16,291.8,89,13.13,11.9,3,3.21,4,?
95,415,no,no,0,141.1,84,23.99,211.4,108,17.97,103.7,127,4.67,5.9,6,1.59,3,?
88,415,no,yes,31,181.6,91,30.87,213.2,120,18.12,207.8,104,9.35,11.4,4,3.08,1,?
163,510,no,no,0,178.7,56,30.38,215.7,79,18.33,152.7,84,6.87,10.6,2,2.86,4,?
56,510,no,no,0,150.9,79,25.65,161.8,87,13.75,167.7,115,7.55,11.7,5,3.16,3,?
108,510,no,yes,34,162.1,83,27.56,171.8,117,14.6,259.8,76,11.69,9.6,3,2.59,4,?
45,408,no,yes,38,196.8,92,33.46,254.2,108,21.61,261.8,85,11.78,7.7,2,2.08,1,?
85,415,yes,no,0,197.2,97,33.52,211.7,115,17.99,210.1,133,9.45,8.3,4,2.24,4,?
90,415,no,no,0,76.1,121,12.94,290.3,73,24.68,236.9,89,10.66,10.8,3,2.92,0,?
98,415,no,no,0,162.8,65,27.68,185,109,15.73,219.5,104,9.88,6,3,1.62,2,?
55,510,no,yes,45,130.5,114,22.19,208.4,94,17.71,141.6,114,6.37,11,5,2.97,4,?
81,408,yes,yes,37,237.1,76,40.31,264.2,125,22.46,271.3,120,12.21,7.9,3,2.13,1,?
163,408,no,no,0,247.7,77,42.11,269.5,108,22.91,167.3,82,7.53,9.6,7,2.59,0,?
109,408,no,no,0,162.6,138,27.64,154,109,13.09,209.7,118,9.44,11.5,4,3.11,0,?
111,415,no,no,0,229.4,107,39,214.1,99,18.2,289.6,95,13.03,10.4,6,2.81,4,?
107,415,no,yes,14,114.3,132,19.43,199.8,91,16.98,194.7,74,8.76,7.5,8,2.03,1,?
141,510,no,yes,22,215.4,123,36.62,328.7,98,27.94,160.5,89,7.22,7.8,6,2.11,1,?
103,415,no,no,0,141.3,123,24.02,253.6,87,21.56,215.8,96,9.71,6.4,2,1.73,1,?
101,415,no,no,0,248.6,102,42.26,174.9,93,14.87,207.2,86,9.32,6.1,3,1.65,3,?
101,408,no,no,0,209.6,107,35.63,228.8,96,19.45,172.4,85,7.76,7.6,2,2.05,3,?
190,408,no,no,0,150.9,86,25.65,268.6,129,22.83,179.9,73,8.1,14.7,1,3.97,1,?
111,415,no,no,0,284.4,89,48.35,157,113,13.35,242.8,91,10.93,8.4,8,2.27,0,?
71,510,no,yes,22,141.4,107,24.04,163,105,13.86,220,99,9.9,5.6,3,1.51,2,?
13,415,no,no,0,58.4,121,9.93,262.2,64,22.29,159,115,7.15,11.9,5,3.21,1,?
105,408,no,no,0,147.7,103,25.11,222.7,78,18.93,163.5,102,7.36,12.8,3,3.46,2,?
35,415,no,no,0,124.2,102,21.11,123.9,115,10.53,135.7,100,6.11,13.1,8,3.54,2,?
117,415,no,yes,31,104.9,115,17.83,237.6,125,20.2,263.4,104,11.85,7.7,6,2.08,3,?
162,408,no,no,0,184.5,118,31.37,224,95,19.04,180.5,82,8.12,11.6,3,3.13,1,?
141,408,no,no,0,51.9,108,8.82,162,83,13.77,223.5,115,10.06,10.1,3,2.73,3,?
99,415,yes,no,0,197.2,127,33.52,156,92,13.26,204.1,99,9.18,9.9,6,2.67,4,?
103,415,no,no,0,189.8,110,32.27,115.5,83,9.82,191.3,103,8.61,12.2,4,3.29,0,?
131,415,no,yes,24,135.9,60,23.1,233.2,78,19.82,210.6,121,9.48,9.4,4,2.54,1,?
182,415,no,no,0,176.1,90,29.94,174.9,106,14.87,234.7,134,10.56,9.7,4,2.62,1,?
172,408,no,yes,47,274.9,102,46.73,186.6,118,15.86,245,123,11.03,8.8,2,2.38,1,?
55,510,no,yes,8,222.5,104,37.83,171.5,94,14.58,377.5,114,16.99,9.7,2,2.62,1,?
78,408,no,no,0,87,102,14.79,193.6,64,16.46,205.8,120,9.26,11,5,2.97,0,?
129,415,no,yes,34,204.5,79,34.77,132.8,113,11.29,190.1,117,8.55,14.8,9,4,2,?
136,415,no,no,0,252.4,74,42.91,167.9,81,14.27,248.3,110,11.17,10.7,3,2.89,2,?
142,510,no,yes,40,237.4,105,40.36,175.9,93,14.95,210.3,110,9.46,9.2,3,2.48,3,?
162,415,no,no,0,115.1,89,19.57,196.8,111,16.73,212.4,98,9.56,11.4,3,3.08,2,?
155,415,no,yes,23,243.9,112,41.46,133,106,11.31,213.7,123,9.62,13.4,11,3.62,2,?
95,415,no,no,0,69.4,79,11.8,190.8,109,16.22,219.9,102,9.9,8.9,5,2.4,0,?
140,408,no,no,0,162.6,98,27.64,206.2,109,17.53,141.6,66,6.37,8.2,2,2.21,1,?
56,415,no,no,0,137.2,111,23.32,165.9,119,14.1,182.3,72,8.2,14.3,4,3.86,1,?
159,415,no,no,0,87.7,103,14.91,278.2,97,23.65,170.6,93,7.68,10.5,10,2.84,1,?
102,415,no,no,0,271.1,80,46.09,172,133,14.62,169.2,105,7.61,10.3,5,2.78,1,?
107,408,no,no,0,103.4,94,17.58,189.3,125,16.09,227.2,125,10.22,14.4,3,3.89,1,?
52,415,no,yes,32,130.1,68,22.12,247.2,77,21.01,289.4,87,13.02,13.5,5,3.65,2,?
80,415,no,yes,38,236.6,69,40.22,197.5,68,16.79,209.5,102,9.43,9.5,10,2.57,2,?
105,415,no,yes,27,141.2,96,24,167.7,94,14.25,274.4,101,12.35,11.4,2,3.08,1,?
106,415,no,no,0,147.9,97,25.14,209.3,99,17.79,162.1,80,7.29,8.8,5,2.38,2,?
73,415,no,no,0,137.1,102,23.31,210.8,114,17.92,191.4,120,8.61,11.1,4,3,1,?
21,415,no,yes,19,132.7,94,22.56,204.6,101,17.39,154.7,78,6.96,12.9,7,3.48,3,?
141,415,no,no,0,160.1,87,27.22,256.7,120,21.82,270,107,12.15,7,1,1.89,2,?
138,510,no,yes,21,19.5,149,3.32,140.9,109,11.98,179.7,111,8.09,7.9,1,2.13,0,?
73,415,no,no,0,241.7,115,41.09,168.5,133,14.32,169.8,122,7.64,11.1,2,3,2,?
29,408,no,no,0,196.8,81,33.46,168,110,14.28,132.6,98,5.97,12.7,7,3.43,2,?
153,510,no,no,0,122.5,145,20.83,273.3,103,23.23,197.8,71,8.9,8,3,2.16,2,?
112,415,no,no,0,170.5,113,28.99,193.2,129,16.42,188,91,8.46,11.2,6,3.02,0,?
66,510,no,no,0,154,133,26.18,198.9,121,16.91,151.9,100,6.84,9.5,3,2.57,4,?
54,415,yes,no,0,214.1,77,36.4,240.5,94,20.44,188.9,75,8.5,10.1,3,2.73,1,?
130,408,no,no,0,68.4,86,11.63,193.3,110,16.43,171.5,139,7.72,10.4,4,2.81,0,?
84,510,no,yes,12,89.7,87,15.25,138.6,73,11.78,165.8,114,7.46,10.7,2,2.89,1,?
99,415,no,yes,33,179.1,93,30.45,238.3,102,20.26,165.7,96,7.46,10.6,1,2.86,2,?
98,408,no,no,0,171.7,99,29.19,174.8,87,14.86,189.6,130,8.53,7.8,6,2.11,1,?
93,415,no,no,0,141.7,95,24.09,221,100,18.79,227.1,71,10.22,10.2,3,2.75,0,?
90,408,no,yes,39,94.8,89,16.12,219.1,91,18.62,197.4,65,8.88,11.4,5,3.08,1,?
79,415,no,no,0,268.3,114,45.61,185.5,111,15.77,264.6,88,11.91,6.3,7,1.7,1,?
133,510,no,no,0,201.7,85,34.29,169.4,116,14.4,286.3,80,12.88,6,4,1.62,0,?
50,408,no,no,0,131.1,129,22.29,160.5,94,13.64,206.9,88,9.31,5.6,9,1.51,5,?
76,510,no,no,0,129.7,84,22.05,177.5,80,15.09,228.9,87,10.3,7.5,3,2.03,5,?
104,408,no,no,0,170.6,97,29,162.1,111,13.78,210.7,131,9.48,6.1,1,1.65,1,?
106,415,no,no,0,191.4,124,32.54,200.7,116,17.06,230.1,76,10.35,8.2,3,2.21,1,?
100,510,no,no,0,115.9,87,19.7,111.3,56,9.46,170.2,77,7.66,7.1,4,1.92,1,?
134,415,no,no,0,141.7,95,24.09,205.6,101,17.48,218.5,60,9.83,8.8,6,2.38,0,?
120,408,no,yes,26,239.4,94,40.7,259.4,88,22.05,238,132,10.71,7.7,3,2.08,0,?
66,415,no,no,0,205.1,102,34.87,232.7,109,19.78,259.9,95,11.7,9.2,6,2.48,2,?
85,415,no,yes,29,144.6,97,24.58,140,102,11.9,165.4,148,7.44,10.9,3,2.94,1,?
45,510,no,yes,29,135.8,104,23.09,222.5,101,18.91,235.6,92,10.6,7.9,6,2.13,2,?
93,415,no,no,0,176.1,103,29.94,199.7,130,16.97,263.9,96,11.88,8.5,6,2.3,2,?
101,510,no,no,0,174.9,105,29.73,262,75,22.27,210,93,9.45,8.5,5,2.3,1,?
89,408,no,no,0,192.1,83,32.66,163.6,88,13.91,169.7,138,7.64,6.1,3,1.65,0,?
72,415,no,no,0,198.4,147,33.73,216.9,121,18.44,112.8,125,5.08,13.1,4,3.54,0,?
78,408,no,no,0,139.2,140,23.66,191.4,113,16.27,286.5,125,12.89,11.8,3,3.19,3,?
117,415,no,yes,17,221.3,82,37.62,167.6,100,14.25,262.7,87,11.82,4.4,4,1.19,0,?
120,415,no,no,0,203.3,108,34.56,259.9,66,22.09,115.9,103,5.22,7.8,2,2.11,3,?
95,415,no,no,0,167.6,96,28.49,176,89,14.96,250.9,113,11.29,13.4,6,3.62,2,?
102,408,no,no,0,156.5,67,26.61,204.3,103,17.37,141.9,72,6.39,9.9,2,2.67,2,?
1,408,no,yes,26,208,115,35.36,185,113,15.73,177.7,144,8,8.1,9,2.19,1,?
54,408,no,yes,39,143.9,73,24.46,210.3,117,17.88,129.2,117,5.81,12.5,8,3.38,2,?
119,510,no,no,0,81.9,75,13.92,253.8,114,21.57,213.1,125,9.59,8.9,1,2.4,2,?
107,510,no,yes,25,248.6,91,42.26,119.3,115,10.14,194.3,83,8.74,12,1,3.24,1,?
92,510,no,no,0,139.8,98,23.77,174.9,143,14.87,201.6,135,9.07,9.4,7,2.54,2,?
131,415,no,no,0,166.5,129,28.31,210.2,107,17.87,257.2,93,11.57,9.9,5,2.67,1,?
174,408,no,yes,33,167.8,91,28.53,205.3,91,17.45,130,132,5.85,14.5,4,3.92,4,?
182,415,no,no,0,69.1,114,11.75,230.3,109,19.58,256.7,96,11.55,6.5,4,1.76,0,?
118,408,no,no,0,188.8,60,32.1,217.4,64,18.48,220.1,100,9.9,8.2,7,2.21,4,?
67,415,no,no,0,215.5,102,36.64,190.7,95,16.21,214.5,106,9.65,8.6,6,2.32,1,?
71,415,no,no,0,258.4,132,43.93,126.8,119,10.78,182.4,87,8.21,9.7,8,2.62,4,?
134,408,no,no,0,242.4,126,41.21,152.9,115,13,318.3,115,14.32,11.8,6,3.19,1,?
39,408,no,no,0,154.1,104,26.2,204.2,112,17.36,196.2,92,8.83,9.8,4,2.65,2,?
90,415,no,no,0,102,118,17.34,113.3,134,9.63,188.6,105,8.49,11.4,3,3.08,2,?
123,415,no,no,0,172.2,92,29.27,162.6,76,13.82,250.3,101,11.26,8.7,4,2.35,1,?
131,415,no,yes,30,174,118,29.58,205.3,81,17.45,218.2,90,9.82,6.7,3,1.81,1,?
137,408,no,no,0,208.8,120,35.5,225.3,100,19.15,221.6,130,9.97,11.1,5,3,0,?
38,510,no,no,0,149,92,25.33,49.2,78,4.18,163.3,93,7.35,13.9,11,3.75,0,?
94,415,no,no,0,108,79,18.36,241.9,152,20.56,252.1,92,11.34,10.4,3,2.81,3,?
73,408,no,no,0,286.4,109,48.69,178.2,67,15.15,214.2,152,9.64,10.7,14,2.89,1,?
33,415,yes,no,0,190.6,100,32.4,161.7,104,13.74,189.9,136,8.55,13,6,3.51,1,?
91,510,no,yes,27,204.6,96,34.78,136,93,11.56,210.5,82,9.47,6.6,2,1.78,3,?
165,415,no,yes,39,167.4,113,28.46,172.7,94,14.68,192.6,113,8.67,9.5,4,2.57,3,?
119,510,no,no,0,154.5,129,26.27,193.6,87,16.46,180.9,145,8.14,13.4,3,3.62,2,?
87,408,yes,yes,36,171.2,138,29.1,185.8,102,15.79,227.6,97,10.24,10.8,3,2.92,1,?
162,408,no,no,0,217.6,87,36.99,279,71,23.72,250.7,65,11.28,10.4,4,2.81,2,?
105,415,no,yes,34,218.5,61,37.15,196.7,74,16.72,151.1,103,6.8,9.9,4,2.67,2,?
116,415,no,yes,27,204.7,118,34.8,209.4,91,17.8,212.9,67,9.58,7,2,1.89,2,?
55,415,yes,no,0,269.6,121,45.83,171.7,91,14.59,219,98,9.86,8.2,6,2.21,1,?
105,408,no,no,0,162.3,99,27.59,212.5,95,18.06,214.7,114,9.66,11.1,8,3,4,?
106,408,no,no,0,193.6,66,32.91,238.2,82,20.25,176.4,107,7.94,12.9,3,3.48,0,?
94,510,no,yes,28,233.2,88,39.64,113.3,102,9.63,118,71,5.31,16.1,4,4.35,0,?
65,510,no,no,0,158.8,53,27,188.5,132,16.02,189.3,87,8.52,9.8,4,2.65,2,?
85,415,no,no,0,126.1,112,21.44,274.7,126,23.35,184.4,95,8.3,9.8,4,2.65,1,?
71,510,no,no,0,290.4,108,49.37,253.9,92,21.58,263.3,126,11.85,10.1,5,2.73,3,?
128,408,yes,yes,18,222.1,89,37.76,160.6,109,13.65,218.8,102,9.85,13.6,2,3.67,0,?
138,510,yes,no,0,196.2,129,33.35,176.5,86,15,232.4,108,10.46,15.2,1,4.1,0,?
37,510,yes,no,0,172.9,119,29.39,183,86,15.56,226.4,100,10.19,9.8,1,2.65,0,?
93,415,no,no,0,239.8,70,40.77,251.8,99,21.4,168.6,112,7.59,10.9,10,2.94,1,?
115,510,yes,no,0,251.3,69,42.72,252.5,96,21.46,118.3,112,5.32,9.9,1,2.67,3,?
132,408,no,no,0,222.4,85,37.81,165.4,76,14.06,208.4,97,9.38,11.2,4,3.02,0,?
157,510,no,yes,29,219.2,102,37.26,206,109,17.51,192.4,117,8.66,15,5,4.05,1,?
138,510,no,no,0,146.5,101,24.91,284.5,142,24.18,176,98,7.92,14,6,3.78,3,?
92,415,no,yes,31,172.3,116,29.29,266.2,91,22.63,228.2,90,10.27,11.8,5,3.19,1,?
167,415,no,no,0,169.2,124,28.76,173.3,108,14.73,216.5,64,9.74,12.4,4,3.35,4,?
116,510,no,no,0,89.5,128,15.22,180.8,137,15.37,193.1,94,8.69,14,3,3.78,2,?
116,408,no,no,0,133.3,94,22.66,247.8,126,21.06,219,78,9.86,11.3,5,3.05,5,?
87,415,no,no,0,177.2,72,30.12,248.9,105,21.16,200.8,87,9.04,8.6,7,2.32,3,?
89,510,no,no,0,137.9,96,23.44,192.6,63,16.37,255.7,125,11.51,11,5,2.97,1,?
22,415,no,no,0,181.8,108,30.91,198.6,148,16.88,206.6,96,9.3,9.3,3,2.51,2,?
56,415,no,yes,29,37.7,115,6.41,144.1,111,12.25,226.6,101,10.2,4.9,3,1.32,1,?
63,415,yes,no,0,62.9,112,10.69,202.9,111,17.25,259,58,11.66,8.9,8,2.4,1,?
94,408,no,no,0,207,109,35.19,167.4,80,14.23,238.2,117,10.72,2.6,6,0.7,1,?
175,415,no,no,0,132,95,22.44,231.2,74,19.65,313.4,108,14.1,8.7,10,2.35,1,?
105,415,yes,no,0,228.4,100,38.83,145.1,108,12.33,245.3,140,11.04,7.7,7,2.08,0,?
107,415,no,yes,38,204.2,57,34.71,205.9,92,17.5,286.5,80,12.89,8.3,4,2.24,0,?
98,415,no,no,0,227.1,116,38.61,120.5,103,10.24,117,102,5.27,4.7,4,1.27,5,?
118,415,no,yes,42,148.7,105,25.28,167.3,105,14.22,270.6,105,12.18,10.4,7,2.81,0,?
121,415,no,no,0,134.1,112,22.8,195.1,104,16.58,159.6,139,7.18,10.5,2,2.84,2,?
109,415,no,no,0,175.6,80,29.85,238,94,20.23,198.4,103,8.93,10.2,6,2.75,1,?
86,510,no,no,0,92.8,92,15.78,159.6,87,13.57,148.7,115,6.69,8.8,5,2.38,1,?
160,415,no,no,0,256,111,43.52,187.4,61,15.93,119.1,81,5.36,11.5,4,3.11,3,?
83,415,no,yes,30,272.5,105,46.33,253,83,21.51,180.8,123,8.14,8.7,6,2.35,3,?
103,415,no,no,0,158.7,90,26.98,198.4,117,16.86,181.1,76,8.15,10.5,4,2.84,1,?
124,510,yes,no,0,157.8,71,26.83,203.2,114,17.27,168.7,82,7.59,10,2,2.7,3,?
40,510,no,no,0,109.4,107,18.6,244.7,102,20.8,276.9,123,12.46,7.1,7,1.92,0,?
68,415,yes,yes,29,195.5,113,33.24,171.6,96,14.59,204,85,9.18,13.5,9,3.65,1,?
149,415,no,yes,20,264.4,102,44.95,219.6,123,18.67,200.4,89,9.02,11.3,3,3.05,2,?
22,408,no,no,0,207.7,116,35.31,210.6,99,17.9,238.2,88,10.72,9.6,5,2.59,0,?
176,415,no,no,0,169.5,151,28.82,112.9,84,9.6,56.6,99,2.55,8.7,4,2.35,0,?
153,510,no,no,0,159.5,103,27.12,275.5,90,23.42,176.7,126,7.95,10.1,2,2.73,1,?
68,415,no,no,0,222.1,107,37.76,199.4,102,16.95,162.4,107,7.31,9.4,3,2.54,2,?
54,415,no,yes,33,161.8,73,27.51,273,58,23.21,153.9,76,6.93,13.7,4,3.7,0,?
108,408,no,yes,32,209.5,108,35.62,109.6,64,9.32,189.7,145,8.54,9.1,6,2.46,6,?
122,510,no,no,0,145.6,102,24.75,284.7,111,24.2,228.2,91,10.27,12.2,5,3.29,0,?
139,510,yes,yes,31,203.5,82,34.6,200.3,72,17.03,214,112,9.63,13.4,6,3.62,1,?
183,415,no,yes,8,86.5,119,14.71,285.2,97,24.24,180.4,133,8.12,8.7,2,2.35,2,?
38,408,no,yes,36,115.4,98,19.62,166.2,83,14.13,184.7,79,8.31,15.2,6,4.1,2,?
1,408,no,no,0,123.8,113,21.05,236.2,77,20.08,73.2,81,3.29,3.7,2,1,0,?
83,415,no,no,0,159.3,104,27.08,202.3,98,17.2,229,73,10.31,9.5,3,2.57,2,?
120,415,no,yes,40,128.1,99,21.78,247.7,78,21.05,199.7,121,8.99,15.6,3,4.21,0,?
75,510,no,no,0,109,88,18.53,259.3,120,22.04,182.1,119,8.19,13.3,3,3.59,4,?
112,415,no,yes,23,286.6,79,48.72,315.3,102,26.8,193.9,101,8.73,10.3,6,2.78,1,?
74,415,no,no,0,102.7,89,17.46,149.3,100,12.69,188.1,114,8.46,11,5,2.97,0,?
121,415,no,yes,31,263.1,70,44.73,279.3,118,23.74,127.1,143,5.72,9.7,4,2.62,5,?
131,408,no,no,0,197,79,33.49,201,114,17.09,151.2,111,6.8,11.6,5,3.13,1,?
19,415,no,no,0,201.5,123,34.26,129.2,110,10.98,220.6,98,9.93,12.9,4,3.48,1,?
142,415,no,no,0,232.5,74,39.53,181.8,142,15.45,203.1,86,9.14,10.4,6,2.81,4,?
78,408,no,no,0,220,95,37.4,179.9,121,15.29,188.2,109,8.47,11.5,5,3.11,0,?
48,510,no,no,0,149.2,146,25.36,161.9,109,13.76,197.9,109,8.91,8.3,2,2.24,3,?
129,415,no,no,0,137.8,120,23.43,225.8,110,19.19,145.2,95,6.53,10.2,6,2.75,1,?
84,408,no,no,0,146.8,133,24.96,171.7,73,14.59,234.5,69,10.55,9.9,3,2.67,1,?
67,510,no,yes,30,186.2,117,31.65,286.7,76,24.37,164.3,113,7.39,12.9,3,3.48,2,?
76,408,no,no,0,173.2,93,29.44,131.2,80,11.15,170.9,104,7.69,5.4,3,1.46,0,?
111,510,no,no,0,152.2,114,25.87,137.2,102,11.66,185.9,97,8.37,9.8,3,2.65,0,?
109,510,no,no,0,175.4,125,29.82,250.7,87,21.31,289.3,74,13.02,9.8,9,2.65,1,?
89,415,no,no,0,134.9,59,22.93,156,152,13.26,197.5,112,8.89,10.2,5,2.75,1,?
70,510,no,no,0,147.1,105,25.01,200,135,17,234.9,65,10.57,12.5,9,3.38,3,?
62,408,no,yes,42,137.3,95,23.34,184.2,94,15.66,231.4,70,10.41,10.2,3,2.75,0,?
44,408,no,no,0,204.6,117,34.78,205.2,94,17.44,164.6,84,7.41,10.7,5,2.89,0,?
106,415,no,no,0,235.2,121,39.98,220.6,87,18.75,236.3,91,10.63,11.8,4,3.19,1,?
95,510,no,no,0,174,57,29.58,281.1,118,23.89,197.2,94,8.87,9.7,2,2.62,0,?
82,510,no,no,0,265.2,122,45.08,178.7,102,15.19,174.7,90,7.86,10.7,9,2.89,2,?
122,415,no,no,0,215.6,86,36.65,167.8,59,14.26,207,67,9.32,6.4,8,1.73,3,?
138,415,yes,yes,28,211.2,117,35.9,312.5,98,26.56,178,118,8.01,10.7,2,2.89,3,?
90,415,no,yes,24,71.2,82,12.1,181.6,103,15.44,186.9,111,8.41,12.9,1,3.48,1,?
141,510,no,no,0,146.5,121,24.91,169.9,125,14.44,238.8,112,10.75,8.2,5,2.21,0,?
90,408,no,no,0,157.9,72,26.84,234,93,19.89,210,86,9.45,12.2,5,3.29,2,?
102,415,no,no,0,129.5,56,22.02,354.2,118,30.11,145.5,93,6.55,10.9,3,2.94,1,?
49,408,no,no,0,236.6,91,40.22,220.9,146,18.78,146.8,114,6.61,8.9,2,2.4,1,?
118,510,no,no,0,113,80,19.21,150.1,87,12.76,204.3,115,9.19,10.8,4,2.92,2,?
115,510,no,yes,29,222.6,81,37.84,190.3,109,16.18,201.2,87,9.05,11.5,2,3.11,1,?
124,415,no,no,0,312,112,53.04,180,109,15.3,168.6,94,7.59,12.8,4,3.46,1,?
157,510,no,no,0,185.1,92,31.47,213,85,18.11,196.1,85,8.82,8.5,5,2.3,2,?
64,510,no,no,0,216.9,78,36.87,211,115,17.94,179.8,116,8.09,11.4,5,3.08,3,?
25,408,no,no,0,264.9,80,45.03,281.2,66,23.9,166.1,80,7.47,8.4,4,2.27,1,?
145,415,no,no,0,224.2,89,38.11,314.9,121,26.77,182.9,121,8.23,16.1,3,4.35,1,?
147,408,yes,yes,35,157.5,109,26.78,189.6,67,16.12,227,76,10.22,11.1,2,3,3,?
115,415,no,no,0,206.2,113,35.05,176.4,102,14.99,297.1,119,13.37,11,7,2.97,1,?
84,415,no,yes,35,207.5,138,35.28,201,116,17.09,164.5,107,7.4,7.5,16,2.03,4,?
109,510,no,no,0,154.8,82,26.32,287.7,109,24.45,208.4,80,9.38,5.9,9,1.59,3,?
63,415,no,yes,33,184.2,111,31.31,312.6,89,26.57,264,55,11.88,12.2,4,3.29,1,?
76,415,no,no,0,179.2,85,30.46,222.9,66,18.95,188.2,113,8.47,12.4,2,3.35,0,?
116,408,no,no,0,288,120,48.96,255.8,90,21.74,233.4,99,10.5,13.4,4,3.62,0,?
15,415,no,no,0,121.1,130,20.59,216,86,18.36,235.1,33,10.58,16.1,5,4.35,2,?
103,510,yes,no,0,255.9,128,43.5,140.9,92,11.98,308.9,130,13.9,12.1,2,3.27,1,?
180,415,no,no,0,224.9,105,38.23,250,101,21.25,216.1,73,9.72,6.7,5,1.81,3,?
67,415,no,no,0,109.1,117,18.55,217.4,124,18.48,188.4,141,8.48,12.8,6,3.46,0,?
77,415,no,no,0,221.8,84,37.71,166,125,14.11,210.2,72,9.46,13.2,4,3.56,1,?
79,415,no,no,0,177.9,83,30.24,167.3,84,14.22,223.7,142,10.07,15.2,8,4.1,0,?
164,510,no,no,0,192.1,95,32.66,249.8,94,21.23,132.6,100,5.97,7.3,3,1.97,3,?
101,415,no,no,0,253.2,89,43.04,237.9,114,20.22,154.3,85,6.94,9.7,7,2.62,4,?
116,408,no,yes,24,183.6,138,31.21,203.8,90,17.32,166.9,89,7.51,6,3,1.62,2,?
97,408,no,yes,28,283.1,93,48.13,185.4,98,15.76,312.8,78,14.08,6.1,8,1.65,1,?
137,510,no,yes,50,186.5,94,31.71,178,106,15.13,215.6,100,9.7,12.1,4,3.27,2,?
119,415,no,yes,19,178.1,110,30.28,212.8,100,18.09,226.3,123,10.18,10,6,2.7,1,?
182,415,no,no,0,279.1,124,47.45,180.5,108,15.34,217.5,104,9.79,9.5,11,2.57,2,?
51,408,no,no,0,169.3,111,28.78,139.5,69,11.86,197,87,8.87,12,3,3.24,0,?
117,510,no,no,0,214.4,94,36.45,138,149,11.73,148.7,102,6.69,9.9,1,2.67,2,?
127,510,no,no,0,245.2,91,41.68,217.2,92,18.46,243.1,128,10.94,13.9,6,3.75,0,?
21,415,no,no,0,223.2,142,37.94,216.5,114,18.4,214.7,111,9.66,12.4,2,3.35,1,?
145,408,no,yes,31,216,94,36.72,225.1,123,19.13,234.7,109,10.56,10.7,1,2.89,2,?
128,415,no,no,0,179.4,94,30.5,270.4,92,22.98,191,88,8.59,7.9,4,2.13,0,?
134,415,no,no,0,7.8,86,1.33,171.4,100,14.57,186.5,80,8.39,12.9,2,3.48,2,?
35,415,no,no,0,179.2,59,30.46,283.3,101,24.08,285.4,83,12.84,5.8,7,1.57,2,?
146,415,yes,no,0,111.1,126,18.89,313.4,95,26.64,215.7,82,9.71,10.5,6,2.84,1,?
84,408,no,yes,30,106.5,65,18.11,225.7,108,19.18,188.6,61,8.49,5.7,3,1.54,2,?
67,510,no,yes,31,175.2,68,29.78,199.2,73,16.93,219.8,99,9.89,13.2,6,3.56,1,?
119,408,no,no,0,239.1,88,40.65,243.5,79,20.7,230.9,92,10.39,10.9,3,2.94,3,?
107,510,no,yes,27,283.4,104,48.18,224.1,152,19.05,241.3,63,10.86,14.4,7,3.89,2,?
169,408,no,no,0,142.5,82,24.23,231.4,110,19.67,131.2,67,5.9,10,4,2.7,2,?
70,415,no,no,0,214.8,87,36.52,131,114,11.14,216.9,104,9.76,9.4,3,2.54,3,?
52,510,yes,no,0,251.4,118,42.74,196.6,80,16.71,192,53,8.64,11,2,2.97,0,?
166,415,yes,yes,28,175.8,126,29.89,253.6,76,21.56,128.5,72,5.78,11.4,5,3.08,1,?
120,415,no,yes,23,221.9,114,37.72,254.7,84,21.65,250.5,117,11.27,7.2,5,1.94,2,?
99,510,no,no,0,128.3,78,21.81,215.3,120,18.3,143.7,140,6.47,14.3,9,3.86,2,?
99,415,no,no,0,124.6,90,21.18,146.4,70,12.44,169.4,95,7.62,10.5,6,2.84,1,?
36,408,no,no,0,175.1,144,29.77,216.9,69,18.44,243.7,146,10.97,9.9,3,2.67,1,?
108,415,no,yes,41,171.6,110,29.17,136.1,78,11.57,183.4,103,8.25,10.8,7,2.92,0,?
126,408,no,yes,24,58.9,125,10.01,305.5,90,25.97,158.9,73,7.15,12.1,6,3.27,0,?
123,510,no,yes,32,212.3,77,36.09,251.5,78,21.38,208.7,85,9.39,6.6,2,1.78,3,?
85,408,no,yes,17,89.8,88,15.27,233.2,75,19.82,165.7,116,7.46,9.3,7,2.51,4,?
58,510,no,no,0,210.1,126,35.72,248.9,108,21.16,158.6,88,7.14,14.4,2,3.89,4,?
104,415,no,no,0,113.6,87,19.31,158.6,98,13.48,187.7,87,8.45,10.5,6,2.84,2,?
24,408,no,no,0,149,73,25.33,131,81,11.14,238.6,69,10.74,8.6,3,2.32,2,?
137,415,no,yes,19,175.3,96,29.8,241.3,146,20.51,211.4,109,9.51,7.8,2,2.11,0,?
125,415,no,no,0,233.3,65,39.66,209.8,93,17.83,210.6,109,9.48,9.1,4,2.46,1,?
99,408,no,no,0,256.4,44,43.59,214.5,105,18.23,233.7,75,10.52,7.9,1,2.13,3,?
116,408,no,no,0,110.9,54,18.85,213.4,82,18.14,186.2,116,8.38,7.9,2,2.13,2,?
95,510,no,no,0,58.2,96,9.89,202.1,126,17.18,210.5,97,9.47,10.4,5,2.81,0,?
80,415,no,no,0,151.5,89,25.76,131.7,78,11.19,235.3,131,10.59,11.8,4,3.19,0,?
131,408,yes,no,0,122.3,83,20.79,118.8,94,10.1,147.9,95,6.66,13.7,3,3.7,3,?
76,415,no,no,0,204,69,34.68,225.1,110,19.13,240.3,85,10.81,9.6,5,2.59,1,?
32,415,no,yes,31,232.8,97,39.58,183.5,111,15.6,206.8,111,9.31,13,2,3.51,0,?
185,408,no,no,0,55.6,97,9.45,288.7,83,24.54,111.2,110,5,12.1,3,3.27,2,?
103,415,no,yes,37,153.5,78,26.1,241.9,108,20.56,244.7,110,11.01,10.6,3,2.86,1,?
148,510,no,no,0,203,92,34.51,150.9,125,12.83,245.5,131,11.05,14.6,9,3.94,1,?
127,415,no,yes,23,182,80,30.94,216.1,85,18.37,156.9,82,7.06,9.8,4,2.65,1,?
78,510,no,yes,32,210.3,116,35.75,192.2,83,16.34,246.1,92,11.07,10.8,4,2.92,6,?
64,415,yes,no,0,146.7,83,24.94,148.3,91,12.61,238.6,69,10.74,12.5,3,3.38,3,?
88,415,no,no,0,85.7,112,14.57,221.6,70,18.84,190.6,75,8.58,11.6,3,3.13,4,?
142,408,no,no,0,216.8,134,36.86,187.8,106,15.96,138.1,108,6.21,8.3,2,2.24,0,?
57,415,no,no,0,272.7,74,46.36,224.9,85,19.12,178.2,104,8.02,10.5,3,2.84,2,?
119,510,no,no,0,94.2,108,16.01,264.1,100,22.45,203.7,79,9.17,7.3,3,1.97,1,?
112,510,no,no,0,189.4,83,32.2,219,89,18.62,168,116,7.56,7.1,8,1.92,3,?
88,510,no,no,0,131.5,99,22.36,174.8,128,14.86,184.2,83,8.29,7.9,2,2.13,5,?
100,415,no,yes,29,213.6,127,36.31,175.9,82,14.95,207.2,100,9.32,8.9,3,2.4,1,?
70,510,no,yes,30,143.4,72,24.38,170,92,14.45,127.9,68,5.76,9.4,4,2.54,3,?
181,415,no,yes,27,190.3,93,32.35,249,127,21.17,215.7,82,9.71,10.6,4,2.86,1,?
112,415,no,no,0,185.4,114,31.52,191.4,119,16.27,144,78,6.48,10,11,2.7,2,?
63,510,no,yes,13,214.2,61,36.41,181.2,88,15.4,174,68,7.83,10.3,2,2.78,0,?
57,415,no,no,0,221.1,101,37.59,236.7,65,20.12,252.3,137,11.35,9.5,1,2.57,0,?
108,415,no,no,0,291.6,99,49.57,221.1,93,18.79,229.2,110,10.31,14,9,3.78,2,?
113,415,no,no,0,159.8,143,27.17,210.1,93,17.86,175.1,86,7.88,13.1,7,3.54,2,?
115,510,no,yes,16,133.3,110,22.66,185.7,111,15.78,161.5,113,7.27,5.6,4,1.51,2,?
201,415,no,no,0,225.9,110,38.4,299.1,86,25.42,251.3,81,11.31,11.2,4,3.02,1,?
100,408,no,no,0,218.8,125,37.2,148.3,102,12.61,277.8,97,12.5,9.7,6,2.62,1,?
122,415,no,no,0,141.4,128,24.04,146.4,70,12.44,123,75,5.54,8.1,4,2.19,0,?
110,408,no,no,0,192.6,102,32.74,178.9,118,15.21,214.6,74,9.66,9.4,4,2.54,1,?
72,415,no,no,0,196.5,88,33.41,158.6,129,13.48,269.3,118,12.12,6.8,3,1.84,0,?
111,408,no,no,0,294.7,90,50.1,294.6,72,25.04,260.1,121,11.7,10.8,3,2.92,1,?
143,510,no,no,0,133.4,107,22.68,223.9,117,19.03,180.4,85,8.12,10.2,13,2.75,1,?
149,510,yes,no,0,180.9,79,30.75,194.9,83,16.57,197.8,109,8.9,8.8,9,2.38,3,?
58,415,no,yes,30,178.1,111,30.28,236.7,109,20.12,264,118,11.88,8.4,2,2.27,0,?
55,415,no,no,0,132,103,22.44,279.6,114,23.77,180,74,8.1,13.5,4,3.65,0,?
127,415,no,yes,24,154.8,69,26.32,177.2,105,15.06,207.6,102,9.34,9,4,2.43,1,?
131,415,no,no,0,175.1,73,29.77,171.9,116,14.61,131.1,94,5.9,7.3,6,1.97,1,?
130,510,no,no,0,132.4,81,22.51,200.3,110,17.03,202.5,103,9.11,6,1,1.62,2,?
115,415,no,no,0,200.2,92,34.03,244.9,107,20.82,190.9,96,8.59,8.8,3,2.38,1,?
62,415,no,no,0,86.3,84,14.67,238.7,99,20.29,238.4,79,10.73,12.5,1,3.38,2,?
65,408,no,no,0,207.7,109,35.31,217.5,117,18.49,125.6,111,5.65,8,5,2.16,1,?
142,510,no,yes,22,224.4,114,38.15,146,106,12.41,241.4,98,10.86,8.8,2,2.38,1,?
106,415,no,yes,30,220.1,105,37.42,222.2,109,18.89,158.4,96,7.13,13.1,8,3.54,0,?
78,415,no,no,0,109.5,105,18.62,286.1,90,24.32,247.6,113,11.14,4.9,9,1.32,1,?
114,408,no,no,0,203.8,85,34.65,87.8,110,7.46,166.2,122,7.48,11.7,4,3.16,1,?
45,415,no,no,0,211.3,87,35.92,165.7,97,14.08,265.9,72,11.97,13.3,6,3.59,1,?
181,408,no,no,0,229.9,130,39.08,144.4,93,12.27,262.4,110,11.81,14.2,4,3.83,2,?
103,510,no,yes,29,164.1,111,27.9,219.1,96,18.62,220.3,108,9.91,12.3,9,3.32,0,?
163,415,yes,no,0,197.2,90,33.52,188.5,113,16.02,211.1,94,9.5,7.8,8,2.11,1,?
78,408,no,no,0,193.4,99,32.88,116.9,88,9.94,243.3,109,10.95,9.3,4,2.51,2,?
96,415,no,no,0,106.6,128,18.12,284.8,87,24.21,178.9,92,8.05,14.9,7,4.02,1,?
